"conversation_id_str","created_at","favorite_count","full_text","id_str","image_url","in_reply_to_screen_name","lang","location","quote_count","reply_count","retweet_count","tweet_url","user_id_str","username"
"1197807497177788417","Fri Nov 22 09:22:16 +0000 2019","3","aq allergy siaa dgn ikn garam huaaaaaaa #spm19 https://t.co/Lf03HjMK2m","1197807497177788417","https://pbs.twimg.com/media/EJ93kZ6VAAA8osm.jpg","","in","","0","0","0","https://twitter.com/Unaasna/status/1197807497177788417","807796590811324416","Unaasna"
"1200300273702277122","Fri Nov 29 06:34:21 +0000 2019","0","IKN RCT ALIAS RACETOOO YNG KMRN PCARAN MLU GDE BANGETT ALIGG TPI YNG INI SNDIRIANN KSIANN https://t.co/ls5BoRZTKj","1200301956251582464","https://pbs.twimg.com/ext_tw_video_thumb/1200301715255250944/pu/img/5mb6wvcOwIqjMEmC.jpg","Audityatesar1","in","","0","1","0","https://twitter.com/Audityatesar1/status/1200301956251582464","1150717942293622785","Audityatesar1"
"1199139578025631744","Tue Nov 26 01:35:28 +0000 2019","18","PLN itu monopoli tapi masih merugi. Subsidi 24 4 juta RTM akan dicabut?. Kalimantan calon IKN masih defisit. Thanks @IYA_Juwita @DPR_RI yg bersikap Kritis. --- RDP dengan Plt Dirut PLN Komisi VII DPR RI Dorong Pemerataan Listrik https://t.co/hE5XfjfQhN via @beritabaruco","1199139578025631744","","","in","DKI Jakarta","3","2","8","https://twitter.com/hadiprayitno82/status/1199139578025631744","588837318","hadiprayitno82"
"1197891869117542400","Fri Nov 22 14:57:32 +0000 2019","1","IKN Perlu Aturan Khusus di Luar Standar https://t.co/6mhgSOLXsd","1197891869117542400","","","in","Samarinda, Kaltim, Indonesia","0","0","0","https://twitter.com/charlessiahaan/status/1197891869117542400","60242057","charlessiahaan"
"1200084124377071621","Thu Nov 28 16:08:46 +0000 2019","0","Ni ank ikn mna ","1200084124377071621","","","in","","0","0","0","https://twitter.com/amalinaamdnor/status/1200084124377071621","804461323","amalinaamdnor"
"1200441895400292352","Fri Nov 29 15:50:25 +0000 2019","0","Bertemu Kapolda Kaltim Komisi I DPRD Kaltim Bahas IKN https://t.co/LKysr19CwE","1200441895400292352","","","in","","0","0","0","https://twitter.com/kriminal_hukum/status/1200441895400292352","995574354405507072","kriminal_hukum"
"1199565682418933766","Wed Nov 27 05:48:40 +0000 2019","1","Assalamualaikum WOY W KANGEN FIELDTRIP IKN! Wassalamualaikum","1199565682418933766","","","in","","0","2","0","https://twitter.com/risyaiff/status/1199565682418933766","239701577","risyaiff"
"1199320194725924864","Tue Nov 26 13:33:11 +0000 2019","0","DAMPAK PEMINDAHAN IKN Baru Dibahas di Muskomwil V Apeksi https://t.co/tAEHHD5ilp https://t.co/94qCTVrMOH","1199320194725924864","https://pbs.twimg.com/media/EKTXXCNWkAUAg9d.jpg","","in","Kalimantan Selatan","0","0","0","https://twitter.com/IndonesiaSuar/status/1199320194725924864","1063485730729615361","IndonesiaSuar"
"1199285487543803904","Tue Nov 26 11:15:16 +0000 2019","0","Ikn pari tu stg kot aku ambik pstu rebuih cicah ngn ayaq asam kot","1199285487543803904","","","in","Pinang, Malaysia","0","0","0","https://twitter.com/izzaeti/status/1199285487543803904","984417929780379648","izzaeti"
"1199794281889722368","Wed Nov 27 20:57:02 +0000 2019","0","Udah gak kuat begadang. Tapi disuruh nemenin lembur tim ikn. Jam segini blm balik rumah. Sampe besok gak usah keliatan di kampus ajalah.","1199794281889722368","","","in","Mother of Earth","0","2","0","https://twitter.com/rafibisatya/status/1199794281889722368","104468751","rafibisatya"
"1198904486821089280","Mon Nov 25 10:01:18 +0000 2019","0","Ad jgk ke customers nk request ikn conggek gitu?hihi Restoran Hentian Rehat My Family https://t.co/Ik5AR2ULmR","1198904486821089280","","","in","setiu,terengganu..","0","0","0","https://twitter.com/ainlolly29/status/1198904486821089280","890142835","ainlolly29"
"1198124687907282944","Sat Nov 23 06:22:40 +0000 2019","0"," Belum langgar setelit dh terjerut seat belt.. Tercugap mcm ikn https://t.co/ORXfhtjSAJ","1198124687907282944","","","in","Johor Bahru","0","0","0","https://twitter.com/lukmanhaqeem1/status/1198124687907282944","1182007364","lukmanhaqeem1"
"1200350800196898817","Fri Nov 29 09:48:26 +0000 2019","0","Menteri PPN: Pindah IKN Bukan Perkara Sepele https://t.co/aRegCgglHG https://t.co/acL7a6BwQ8","1200350800196898817","https://pbs.twimg.com/media/EKiAsQbXkAE6KeP.jpg","","in","Indonesia","0","0","0","https://twitter.com/cendananews/status/1200350800196898817","1293398077","cendananews"
"1199200754097106944","Tue Nov 26 05:38:34 +0000 2019","0","MAAKK PAAKK AING WISUDAH KELAR #ikn #ikn53 #ipb #anakipb #perikanan #AMd #2019dapatGelar #manjanginNama @ Institut Pertanian Bogor https://t.co/1Uxb6Z53SL","1199200754097106944","","","in","Ciomas Bogor, Jawa Barat","0","0","0","https://twitter.com/hamditra_/status/1199200754097106944","466457639","hamditra_"
"1199716678264770561","Wed Nov 27 15:48:40 +0000 2019","3","Mintak transfer ke IKN putrajaya suasana tenang technology terbaik staff baik2 bukan downgrade wad onco HKL I've been there on my chemo myself drive me crazy stay strong brother moga dikurnia kesembuhan Boleh minta dr.azura for transfer. Feel free to dm me.","1199716678264770561","","","in","Port Dickson,Negeri Sembilan","0","0","0","https://twitter.com/qaiyummm_/status/1199716678264770561","207992917","qaiyummm_"
"1197866455355678721","Fri Nov 22 13:16:32 +0000 2019","0","IKN Perlu Aturan Khusus di Luar Standar https://t.co/FPMILrTBwb","1197866455355678721","","","in","Kalimantan Timur, Indonesia","0","0","0","https://twitter.com/beritakaltim2/status/1197866455355678721","4854436812","beritakaltim2"
"1199200643497545728","Tue Nov 26 05:38:08 +0000 2019","0","#KalimantanPost Apeksi Muskomwil V Bahas Dampak Pemindahan IKN Baru https://t.co/b5FnClYJgY #banjarmasin","1199200643497545728","","","in","South Borneo","0","0","0","https://twitter.com/antioffline_/status/1199200643497545728","56307437","antioffline_"
"1199404080126447617","Tue Nov 26 19:06:31 +0000 2019","0","#KalimantanPost Apeksi Muskomwil V Bahas Dampak Pemindahan IKN Baru https://t.co/AFgutnOcgj #banjarmasin #tribanjar","1199404080126447617","","","in","South Borneo","0","0","0","https://twitter.com/antioffline_/status/1199404080126447617","56307437","antioffline_"
"1200326746991734784","Fri Nov 29 08:12:52 +0000 2019","0","Bappenas Rombak 43 Regulasi Percepat Pemindahan IKN https://t.co/IhLlkazsYe https://t.co/Vu1NsLPlmS","1200326746991734784","https://pbs.twimg.com/media/EKhq0JnWsAA286k.png","","in","Indonesia","0","0","0","https://twitter.com/cendananews/status/1200326746991734784","1293398077","cendananews"
"1197498637162438656","Thu Nov 21 12:56:22 +0000 2019","0","@wowaqu ikn cupang yak","1197498989265862658","","wowaqu","in","","0","1","0","https://twitter.com/b4kteriii/status/1197498989265862658","1083560000566349824","b4kteriii"
"1197443754224807936","Thu Nov 21 09:16:53 +0000 2019","0","Rencana Pemindahan IKN Harus Melalui Kajian Mendalam https://t.co/eK5msS5pro #MenujuIndonesiaMaju #Fadly_Amran DPDRIDIY #DPDRI #DPRRI #DPRD_Ponorogo #POLITICS #inidiplomasi #IndonesianWay #SahabatKemlu","1197443754224807936","","","in","","0","0","0","https://twitter.com/Rifnald82238917/status/1197443754224807936","1182558006279426048","Rifnald82238917"
"1198550043302617088","Mon Nov 25 03:31:50 +0000 2019","1","@kyty_ikn suki","1198806472949239808","","kyty_ikn","in","","0","0","0","https://twitter.com/pmq1996jumire/status/1198806472949239808","4721328811","pmq1996jumire"
"1197872265053921281","Fri Nov 22 13:39:38 +0000 2019","0","brp jmlhhh gigi ikn hiuu ktika dia blum lahir?%?+?","1197872265053921281","","","in","DKI Jakarta, Indonesia","0","0","0","https://twitter.com/dustnt/status/1197872265053921281","1034583613252100096","dustnt"
"1200243939141283841","Fri Nov 29 02:43:49 +0000 2019","0","Apa ga ada orang McKinsey yg mau ngajakin gw proyekan IKN Baru apa yaa?","1200243939141283841","","","in","Tanah Air","0","0","0","https://twitter.com/muhaust/status/1200243939141283841","111868855","muhaust"
"1197360375001276416","Thu Nov 21 03:45:33 +0000 2019","1","Masih tentang pemindahan Ibu Kota Negara (IKN) ke Kaltim. Ini masukan bang @irwan_fecho Untuk IKN. https://t.co/8Is9lr5MXs #berpikir #bersuara #bertindak","1197360375001276416","","","in","Kalimantan Timur","0","0","0","https://twitter.com/suara_irwan/status/1197360375001276416","992654911383846913","suara_irwan"
"1197485431903813633","Thu Nov 21 12:15:27 +0000 2019","39","Selepas kemalangan di IKN doktor mengambil keputusan untuk menanggalkan chemo port yang telah dihadiahkan oleh keluarga saya dengan harga hampir RM1 000 ini dari badan saya. Ini tweet saya pasal chemo port dalam thread yg lepas: https://t.co/wASTGC2tVX","1197488691771396097","","twt_malaysia","in","","1","1","18","https://twitter.com/twt_malaysia/status/1197488691771396097","607083299","twt_malaysia"
"1197780519418617858","Fri Nov 22 07:35:04 +0000 2019","0","#JumatBerkah Alhamdulillah sdh 17 hari kerja sejak Pimpinan Komisi II dilantik. Saya akan fokus mengawal 5 isu di Komisi II: Pemindahan IKN Pemilukada 2020 Moratorium pemekaran daerah RUU Pertanahan Efisiensi kerja Pemda. #FraksiPKS #OposisiKritisKonstruktif #KalimantanTimur https://t.co/JZK3o3nt4p","1197780519418617858","https://pbs.twimg.com/media/EJ9fB0QVAAA3s3D.jpg","","in","","0","0","0","https://twitter.com/aus_kang/status/1197780519418617858","1189144201130213376","aus_kang"
"1198076325610680320","Sat Nov 23 11:59:27 +0000 2019","0","@amirahhussin1 Pt kat ikn hahahhahaha","1198209444569481217","","amirahhussin1","tl","Putrajaya","0","1","0","https://twitter.com/ekinnnaziz/status/1198209444569481217","1196385020371292160","ekinnnaziz"
"1198627181166907392","Sun Nov 24 15:39:24 +0000 2019","0","Punyalah sejuk IKN ni. Pt tetiber asthma attack.","1198627181166907392","","","in","🇲🇾","0","0","0","https://twitter.com/syafiqahkamar/status/1198627181166907392","2755305704","syafiqahkamar"
"1199474169584291840","Tue Nov 26 23:45:01 +0000 2019","0","Banyak nya issui strategik yg tidak tuntas pendalamannya.IKN di kaltim","1199474169584291840","","","in","Kalimantan Kutai Kertanegara","0","0","0","https://twitter.com/hendriansyah843/status/1199474169584291840","2569317210","hendriansyah843"
"1198757848823451648","Mon Nov 25 00:22:30 +0000 2019","0","@ikndzaia Pretty Ikn ","1198758826549268480","","","in","10880 Malibu Point","0","0","0","https://twitter.com/iamjanadc7/status/1198758826549268480","872450480235991042","iamjanadc7"
"1199630328895197184","Wed Nov 27 10:05:33 +0000 2019","0","Daerah Calon IKN Dililih KH. Aus Hidayat Nur Sebagai Titik Pertama Sosialisasi 4 Pilar MPR Pada Periode 2019 - 2024 https://t.co/8lWWIqXRgt #KawalIKNbaru #KalimantanTimur #Sosialisasi4PilarMPR","1199630328895197184","","","in","","0","0","0","https://twitter.com/aus_kang/status/1199630328895197184","1189144201130213376","aus_kang"
"1197393402964402179","Thu Nov 21 05:56:48 +0000 2019","0","Dari gedung parlemen RUU IKN diharapkan bisa masuk program legislasi nasional (prolegnas) prioritas 2020. https://t.co/6UB8cKRlvq https://t.co/vraA5G344r","1197393402964402179","https://pbs.twimg.com/media/EJ3-9GEWsAAiv0D.jpg","","in","Bontang, Kaltim, Indonesia","0","0","0","https://twitter.com/bontang_post/status/1197393402964402179","3101199283","bontang_post"
"1200079395903303680","Thu Nov 28 15:49:59 +0000 2019","0","Malam indah utk jagat per arsitekturan dan per urbanan Indonesia. Karena.... Besok deadline sayembara IKN ","1200079395903303680","","","in","ÜT: -6.0305484,106.0482681","0","0","0","https://twitter.com/Aridjaw/status/1200079395903303680","126909541","Aridjaw"
"1200438411892592640","Fri Nov 29 15:36:35 +0000 2019","1","Bersilaturahmi bersama pengurus hsei_balikpapan Berbincang santai namun konstruktif membahas persiapan @PemkotBPN dari sisi K3 sebagai penyangga IKN (Ibu Kota Negara). Selain itu tidak lupa saling melempar canda https://t.co/m4q8aE3gt5","1200438411892592640","","","in","Balikpapan, Indonesia","0","0","0","https://twitter.com/ariwicaksono90/status/1200438411892592640","805765640","ariwicaksono90"
"1199250434939949056","Tue Nov 26 08:55:59 +0000 2019","0","Dari awal saya udah gak niat ikutan sayembara IKN sih... Cuma karna butuh SKAnya bapak aja malah diikutin... He he he","1199250434939949056","","","in","Mother of Earth","0","0","0","https://twitter.com/rafibisatya/status/1199250434939949056","104468751","rafibisatya"
"1198816310513160192","Mon Nov 25 04:10:56 +0000 2019","0","Smpy cina jual ikn tu perasan yg muka tak da senyum.. Teruk sngt penangan sedih smlm","1198816310513160192","","","in","","0","0","0","https://twitter.com/zainariyah/status/1198816310513160192","2506733372","zainariyah"
"1198593157363093504","Sun Nov 24 13:24:12 +0000 2019","0","Bju jihan hari ni nabil ckp mcm langsir dapor ... Trigt pulok lngsir dapor mak mcm tu tpi pggl lngsir ikn sbb ape mak lalu bwk lauk ikn goreng cri punyer cri ikn trsngkut pd lngsir mcm bju jihan tu lawak rase ... #GegarVaganza2019 https://t.co/zPgPMO0gXO","1198593157363093504","https://pbs.twimg.com/media/EKJCHTIVAAAzLkC.jpg","","in","tokyo,japan","0","0","0","https://twitter.com/PaanAuni/status/1198593157363093504","1285914613","PaanAuni"
"1200176612731318272","Thu Nov 28 22:16:17 +0000 2019","0","Waduh pengarahnya ASN kok berpikir begitu tidak istilah bom waktu ASN Kukar.IKN.yang baru di Wilayah Kukar Pa jokowi ASN untuk ibu kota yang baru dari Kutai keterangan bisa","1200176612731318272","","","in","Kalimantan Kutai Kertanegara","0","0","0","https://twitter.com/hendriansyah843/status/1200176612731318272","2569317210","hendriansyah843"
"1197942943845429250","Fri Nov 22 18:20:29 +0000 2019","0","pemandangan yang indah malam ini salam dari calon kota penyangga IKN. . . stadionbatakan . #timnasday #indonesia #balikpapan #stadionbatakan @ Stadion Batakan https://t.co/hlyBY3o5X2","1197942943845429250","","","in","Balikpapan","0","0","1","https://twitter.com/dibilank/status/1197942943845429250","60445847","dibilank"
"1198889318418247681","Mon Nov 25 09:01:02 +0000 2019","0","#3080 [TV] al ikn ","1198889318418247681","","","in","Indonesia","0","1","0","https://twitter.com/OrakArik/status/1198889318418247681","373190144","OrakArik"
"1199917143338258432","Thu Nov 28 05:05:15 +0000 2019","0","mentang2 arini masak lauk sedap..depa bg duit sruh buat ikn siakap esok..ampa igt aku nk buka kdai ikan bakaq kt ofis ni???","1199917143338258432","","","in","","0","0","0","https://twitter.com/dilaabdmanab/status/1199917143338258432","863481870","dilaabdmanab"
"1200198440384372736","Thu Nov 28 23:43:01 +0000 2019","0","Tim IPADI Pusat dan Daerah beserta panarasumber dalam acara SEMINAR NASIONAL IKATAN PRAKTISI DAN AHLI DEMOGRAFI INDONESIA (IPADI) Bertema Rencana Perpindahan Ibu Kota Negara (IKN) dan https://t.co/BzsJIsnnjQ","1200198440384372736","","","in","DKI Jakarta, Indonesia","0","0","0","https://twitter.com/asrieanie/status/1200198440384372736","184414451","asrieanie"
"1200542113236045824","Fri Nov 29 22:28:39 +0000 2019","0","Bismillah Hari ini ready y balado ikn cklang 5000an gede2 iknnya lobster mateng 25000/2 pcs lobster mntah 85000/kg burtan durian 10000/cup yg mau order via wa 082124891857","1200542113236045824","","","in","","0","0","0","https://twitter.com/Rina_Korina/status/1200542113236045824","3005849214","Rina_Korina"
"1200377378624524294","Fri Nov 29 11:34:03 +0000 2019","4","Maksud Jokowi menceritakan terjebak macet 30 menit di kawasan Kuningan tentu untuk mencari justifikasi IKN. Tapi IKN belum mulai dibangun sedangkan pernyataan macet sudah dilontarkan. Apa Jokowi ingin dalam dua tahun ke depan tidak ada investasi di Jakarta? #TembakanBunuhDiri","1200377378624524294","","","in","","0","0","1","https://twitter.com/Gandawan/status/1200377378624524294","147535405","Gandawan"
"1198775814122168320","Mon Nov 25 01:30:00 +0000 2019","0","Menghadiri Rapat Koordinasi Pertanahan Penataan Aset Reforma Agraria Pasca Legalitas Aset khusunya dalam rangka Percepatan IKN se Provinsi Kalimantan Timur","1198775814122168320","","","in","Samarinda","0","0","0","https://twitter.com/dwiery/status/1198775814122168320","61379190","dwiery"
"1197346346555961345","Thu Nov 21 02:49:49 +0000 2019","0","#KAMUHARUSTAU Tahun ini Bappenas bakal merampungkan naskah akademik Undang-Undang Ibukota Negara (IKN) peta dasar serta pembentukan badan otorita untuk melakukan persiapan perencanaan dan pembangunan. #Bappenas https://t.co/BqyL0BqV0J","1197346346555961345","","","in","Jakarta","0","0","0","https://twitter.com/indozonemedia/status/1197346346555961345","350668803","indozonemedia"
"1200303194917617664","Fri Nov 29 06:39:16 +0000 2019","5"," Diseminasi materi terkait program IKN harus melibatkan komunitas-komunitas agar penyebaran informasi bisa lebih efektif dan beragam #bersamaindonesiamaju #SiapPindahIbuKota #IKN #IbuKotaNegara #Bappenas #Pembangunan https://t.co/glZ0zUOm07","1200303194917617664","https://pbs.twimg.com/media/EKhVYyuUUAA7dTD.jpg","","in","Jakarta","0","0","1","https://twitter.com/BappenasRI/status/1200303194917617664","235021856","BappenasRI"
"1197652784813723648","Thu Nov 21 23:07:29 +0000 2019","1","penaa kne tinggal kt kdai mkn mse darjah 2 dgn bpak sndri..act ak mkn lembab skit sb ak belah2 ikn blis goreng dlm nsik lemak..dorang letak skit sgt..lps abh byr dia trus naik kete pdehal ak daa ckp abh adik x hbis mkn lg smpai uma bru abh sedar ak tertinggal","1197652784813723648","","","in","melaka","0","1","0","https://twitter.com/anisletoile/status/1197652784813723648","480207729","anisletoile"
"1198522476197625857","Mon Nov 25 05:55:56 +0000 2019","0","@toyouCINTAKU @Moslem06980623 oh ya bun...??brrti mkin lm jg aq g nnton tv ikn....sbr menanti khadiran si pengobat rindu wkwk...","1198842735551082496","","SUN_Ponorogo","in","","0","1","1","https://twitter.com/cahboyolali13/status/1198842735551082496","988385550674509824","cahboyolali13"
"1199669600339628040","Wed Nov 27 12:53:49 +0000 2019","0","@briannaIie knpa gk d lpas2 si kmren wktu ambil rpot tmen2 dodo bilng hhey tman2 ap liht mmahny dodo bliau abis trperangkap jaring ikn pari mongolia hhahay [kmudian dodo mninggalkn tmpat] https://t.co/IwlXKT3N0C","1199672677520117761","https://pbs.twimg.com/media/EKYX8PeUEAA7FGu.jpg","thinkaboutzue","in","parody`91","0","3","1","https://twitter.com/wwooseoki/status/1199672677520117761","2791992216","wwooseoki"
"1197444496675332096","Thu Nov 21 09:19:50 +0000 2019","1","Penghargaan Rating Kota #Cerdas #Indonesia (RKCI) menguntungkan bagi terbentuknya Ibu kota Negara (IKN) baru di bumi etam. #Samarinda #Kaltim https://t.co/0FFYVcNorf","1197444496675332096","https://pbs.twimg.com/media/EJ4tZK3UEAI0v2J.jpg","","in","East Borneo, Indonesia","0","0","0","https://twitter.com/ppid_smr/status/1197444496675332096","841831440782307328","ppid_smr"
"1200137615598448641","Thu Nov 28 19:41:19 +0000 2019","0","Masyarakat adat perlu dilibatkan dalam rencana perpindahan IKN - ANTARA News @RumahAMAN https://t.co/tVVoONFJyX","1200137615598448641","","","in","Nusantara","0","0","0","https://twitter.com/AbdonNababan/status/1200137615598448641","574544357","AbdonNababan"
"1198820181012705280","Mon Nov 25 04:26:18 +0000 2019","0","Baru balik dari IKN utk blood taking.. Hari ni surprisingly cepat tak smpai 5minit dah kena panggil.. Alhamdulillah.. Sempat timbang berat 35.4 kg sajork... Ayooo... Dah nak jadi org lidi dah...","1198820181012705280","","","in","Malaysia🇲🇾","0","0","0","https://twitter.com/azidan91/status/1198820181012705280","1171852287334965248","azidan91"
"1200328284329959424","Fri Nov 29 08:18:58 +0000 2019","0","20 kg sagereyek hbis..bnyk yg tdk kbgiann ordrr lgi brusanm .cuss mluncur klipucamg bnjarr...ready lgi 2. kg ikn lisongnya...15000/kg yg mnt segera order ya seblm khbisan wa 082124891857 tekstur dagingnya mrip tongkol yaa enakk tdk rukap","1200328284329959424","","","in","","0","0","0","https://twitter.com/Rina_Korina/status/1200328284329959424","3005849214","Rina_Korina"
"1199690627295973376","Wed Nov 27 14:05:09 +0000 2019","0","RT @WikiDPR2: #kom7 Moreno @Fraksi_Gerindra #Jatim5 : PLTU Teluk Balikpapan merupakan pembangkit paling dekat dengan IKN dan ini adalah war ","1199690627295973376","","","in","Indonesia Raya","0","0","0","https://twitter.com/Partai_Gerindra/status/1199690627295973376","381680827","Partai_Gerindra"
"1200069092742270979","Thu Nov 28 15:09:02 +0000 2019","8"," Tadi ke sini macet setengah jam berhenti betul ya itu lah kenapa ibu kota dipindah. Presiden Joko Widodo dalam sambutan pada pertemuan tahunan Bank Indonesia (BI) di Lotte Shopping Avenue Jakarta Kamis (28/11/2019). #bersamaindonesiamaju #SiapPindahIbuKota #IKN https://t.co/d53LRbR6TM","1200069092742270979","https://pbs.twimg.com/media/EKeAeJtU8AApPHa.jpg","","in","Jakarta","0","2","2","https://twitter.com/BappenasRI/status/1200069092742270979","235021856","BappenasRI"
"1197369501425078272","Thu Nov 21 04:21:49 +0000 2019","0","Lihat info apa yang saya bagikan: Malaysia Siap Dampingi Balikpapan Menuju IKN ~ Jurnal Balikpapan | Suara Balikpapan @MIUI | https://t.co/vHh3IqQh2L","1197369501425078272","","","in","Balikpapan","0","0","0","https://twitter.com/JurnalBpp/status/1197369501425078272","2479347954","JurnalBpp"
"1199991336104914945","Thu Nov 28 10:00:03 +0000 2019","0","Wamen ATR Pastikan IKN Akan Pindah https://t.co/gvkdVfYOMU","1199991336104914945","","","in","Jakarta, Indonesia","0","0","0","https://twitter.com/GATRA_com/status/1199991336104914945","202559038","GATRA_com"
"1197686924737073153","Fri Nov 22 01:42:11 +0000 2019","1","@egyazira Tu lah..akak pun tak berapa sangat kalau kuah banjir. Ni gambar semalam egy..akak tgh tunggu turn nak buat radiotherapy kat IKN.Kelaparan tgk gambar semalam.Haha!","1197691713193529344","","egyazira","in","","0","1","0","https://twitter.com/_ChillPills_/status/1197691713193529344","219208560","_ChillPills_"
"1198864413903577088","Mon Nov 25 07:22:04 +0000 2019","1","Sistem informasi pajak daerah PPU contoh optimalisasi KIP menyambut IKN di Kaltim https://t.co/zPF0gIGIVL","1198864413903577088","","","in","Kalimantan Timur, Indonesia","0","0","0","https://twitter.com/KI_Kaltim/status/1198864413903577088","747081821641314304","KI_Kaltim"
"1199659240358432769","Wed Nov 27 14:39:03 +0000 2019","0","@pumpkinzgirl Alaaa tu beli jiwa sebab tak boleh teman akak gi IKN harini..dia ada kerja.","1199699159336407040","","pumpkinzgirl","in","","0","0","0","https://twitter.com/_ChillPills_/status/1199699159336407040","219208560","_ChillPills_"
"1200226845909585920","Fri Nov 29 01:35:53 +0000 2019","9","#SahabatPembangunan Kementerian PPN/Bappenas menggelar Focus Group Discussion (FGD) Inisiasi Pengembangan Komunitas Sahabat Pembangunan IKN yang dihadiri oleh perwakilan kementerian lembaga dan penggiat media sosial di Jakarta Kamis (28/11/2019). https://t.co/SOp3cX9Ruh","1200226845909585920","https://pbs.twimg.com/media/EKgP7NIVAAAZwmM.jpg","","in","Jakarta","1","1","4","https://twitter.com/BappenasRI/status/1200226845909585920","235021856","BappenasRI"
"1199485356078329856","Thu Nov 28 18:11:59 +0000 2019","0","@clanz3r ha a rsnya pkcik tu pakai spek..kalu pkcik tu buh bnyk sikit nsi lemak makcik tu buh sikit..haha.. tp sek dio friendly la..ikan bilis pn dia guna ikn bilis hok sedap bkn hok cheap n bsr bsr mcm seller lain","1200115131536949248","","clanz3r","in","Pasir Mas","0","1","0","https://twitter.com/znyznyzny/status/1200115131536949248","147236389","znyznyzny"
"1198999107513143297","Mon Nov 25 16:17:19 +0000 2019","3","Julai tahun yg sama rezeki dia dapat peluang lagi ke Mekah untuk Haji ke-2. Walaupun doktor dari IKN nasihat jangan pergi sebab kesihatan dia makin merosot sejak raya puasa lagi. Dia tetap nak pergi even berapa lama dah terlantar kat rumah sampai la hari dia nak ke Mekah.","1198999113603272709","","TheGadisPilah","in","Kuala Pilah, Negeri Sembilan","0","1","0","https://twitter.com/TheGadisPilah/status/1198999113603272709","905455295693856768","TheGadisPilah"
"1198620675415539713","Sun Nov 24 15:13:32 +0000 2019","8","Pemerintah hendaknya tidak hanya fokus membangun transportasi di IKN Baru tetapi berilah perhatian yang sama terhadap Mahakam Ulu. https://t.co/mXQFldJ4W2","1198620675415539713","","","in","Jakarta","0","0","7","https://twitter.com/kompascom/status/1198620675415539713","23343960","kompascom"
"1197485431903813633","Sat Nov 23 05:05:00 +0000 2019","1","@NynaSyafina Tu laa i bukak je stoma tu sejam bagi kena angin. Nanti masuk IKN i minta doctor tengok takut infection.","1198105141888421889","","NynaSyafina","in","Malaysia","0","0","0","https://twitter.com/ciliapipedas/status/1198105141888421889","2241916874","ciliapipedas"
"1199181190860689408","Tue Nov 26 04:20:50 +0000 2019","0","Bikin IKN itu gak cukup lima taun investornya jelas ingin kepastian... itu mengapa orang baik itu mau tiga periode mau hapus pilkada langsung dengan jalan menggaji pengangguran... demokrasi mahal ribet dan gak bikin stabil... mungkin begitu dipikirnya...","1199181190860689408","","","in","","0","0","0","https://twitter.com/BayuAYulianto/status/1199181190860689408","883600441","BayuAYulianto"
"1200357118370435073","Fri Nov 29 10:13:33 +0000 2019","9","#SahabatPembangunan Inilah salah satu hal yang disampaikan oleh Ketua Tim Pelaksana Pemindahan Ibu Kota Negara (IKN) Imron Bulkin dalam Focus Group Discussion (FGD) Inisiasi Pengembangan Komunitas Sahabat Pembangunan IKN #bersamaindonesiamaju #SiapPindahIbuKota #IKN https://t.co/qmMnSg6O0V","1200357118370435073","https://pbs.twimg.com/media/EKiGa9eVAAE_qWe.jpg","","in","Jakarta","0","0","0","https://twitter.com/BappenasRI/status/1200357118370435073","235021856","BappenasRI"
"1197652991857152000","Thu Nov 21 23:08:19 +0000 2019","0","seperti para orang kampung di calon IKN kemaren saya dapat kabar ada kavling 3ha dijual murah 600jt BU ditawarkan habis2an karena tanah2 sebelahnya sudah laku keras rata2 per ha 2M oleh Cina dan dia merasa kepepet untuk jual tanahnya juga. Subhanallah habis sudah Borneoku ","1197652991857152000","","","in","","0","0","0","https://twitter.com/SalimFarrah/status/1197652991857152000","1106534816030162945","SalimFarrah"
"1197485431903813633","Fri Nov 22 21:55:52 +0000 2019","0","@mlvnnaulrch Memang selalu ke IKN sebab masih dalam rawatan kimo. Ada je tanya nurse memang macam ni ke? Melecet ni biasa ke? Nurse pon tak tahu nak jawab apa. Usus ibu okay je cantik. Cuma keliling dia tu melecet sikit.","1197997149201432577","","","in","Malaysia","0","0","0","https://twitter.com/ciliapipedas/status/1197997149201432577","2241916874","ciliapipedas"
"1198272132624637952","Sun Nov 24 09:42:08 +0000 2019","2","@DrAmalinaBakri This one agree. Ibu pantang makn maknan berkhasiat. My mother bg sup sayur yg no oil but tasty. Ikan n ayam bakar yg yummy. Not to forget apple . Jenuh la kalu mkn ikn bakar ngn nasi je hari","1198537272628412416","","DrAmalinaBakri","in","Kuala Lumpur","0","0","0","https://twitter.com/fieldmarsyalljr/status/1198537272628412416","184087889","fieldmarsyalljr"
"1199615414478594049","Wed Nov 27 09:06:17 +0000 2019","3","#kom7 Moreno @Fraksi_Gerindra #Jatim5 : PLTU Teluk Balikpapan merupakan pembangkit paling dekat dengan IKN dan ini adalah warisan. Mungkin ini perlu ditingkatkan. Saya mengusulkan kepada pimpinan dibuatkan Panja RUU Minerba.","1199615414478594049","","","in","","0","0","1","https://twitter.com/WikiDPR2/status/1199615414478594049","3550853180","WikiDPR2"
"1199547704356945920","Wed Nov 27 08:22:55 +0000 2019","1","@KKMPutrajaya Kalau masa kecil bersunat jgn merayau nnti bentan.Lambt baik.Makn pn kicap dg ikn kembung kukus atau sayur bening cmpur ikn bilis.Entah lah..","1199604502803779585","","KKMPutrajaya","in","","0","0","0","https://twitter.com/bin_kamali/status/1199604502803779585","1170235188288180224","bin_kamali"
"1198222948462542850","Sat Nov 23 12:53:08 +0000 2019","7","yang penting mereka melaksanakan pekerjaannya dan tugas-tugasnya interaksi dan koordinasi tetap berjalan dengan baik. Jadi tidak semuanya mungkin harus selalu bekerja di dalam gedung kantor tapi bisa dari tempat lain. #bersamaindonesiamaju #SiapPindahIbuKota #IKN","1198222952845598720","","BappenasRI","in","Jakarta","0","1","2","https://twitter.com/BappenasRI/status/1198222952845598720","235021856","BappenasRI"
"1198837099434102785","Mon Nov 25 05:33:32 +0000 2019","0","Jepang Didorong Investasi Lintas Sektor di IKN Baru https://t.co/FaITYyTBsi","1198837099434102785","","","in","Jakarta, Indonesia","0","0","0","https://twitter.com/Bisniscom/status/1198837099434102785","118646322","Bisniscom"
"1197347040180596737","Thu Nov 21 02:52:34 +0000 2019","2","RUU IKN Dibahas Awal Tahun Depan https://t.co/rFzgT3gO9L","1197347040180596737","","","in","Jakarta - Indonesia","0","0","0","https://twitter.com/mediaindonesia/status/1197347040180596737","68930552","mediaindonesia"
"1199576084305465345","Wed Nov 27 06:30:00 +0000 2019","0","Menteri Energi dan Sumber Daya Mineral (ESDM) Arifin Tasrif mengatakan perlu tambahan kapasitas pembangkit sekitar 1.555 MW untuk menyuplai listrik di Ibu Kota Negara (IKN) baru di Kalimantan Timur. #SmartNews @detikcom","1199576084305465345","","","in","Jl. Kebahagiaan No.4-14Jakarta","0","0","0","https://twitter.com/RadioSmartFM/status/1199576084305465345","177084452","RadioSmartFM"
"1199606773998469121","Wed Nov 27 08:31:57 +0000 2019","0","#kom7 Tifatul S @FPKSDPRRI #Sumut1 : Soal pemindahan IKN ini bukan nya saya tidak setuju maaf teman-teman yang dari Kaltim tapi anggaran untuk ini sangat besar bayangkan kita DPR ini akan pindah perlu berapa kali konsultan terbang kesana untuk ini.","1199606773998469121","","","in","","0","0","0","https://twitter.com/WikiDPR2/status/1199606773998469121","3550853180","WikiDPR2"
